Noble Russell;enim@congue.edu;991
Elijah Salinas;tellus.sem.mollis@et.co.uk;1115
Edan Adams;diam.dictum@vitaeeratvel.com;876
Lionel Parsons;eu@luctuslobortisClass.ca;552
Grady Hendrix;fringilla.Donec.feugiat@Cras.com;1472
Colt Mclaughlin;eget.varius@Maurismagna.ca;869
Aristotle Stein;nunc.sed.libero@Fusce.com;454
Jameson Gilmore;velit.Pellentesque@ac.net;404
August Martinez;facilisis@Donec.edu;494
Roth Tyson;Ut@lectussit.edu;641
Erasmus Cunningham;at.sem.molestie@at.co.uk;1787
Ferdinand Hicks;nec.ante@nonegestasa.co.uk;1992
Barry Rios;vulputate@vestibulummassa.net;2274
Hamish Hull;Etiam.imperdiet.dictum@ametorciUt.ca;1420
Laith Rasmussen;diam.eu@necenimNunc.com;1155
Gray Morton;consectetuer.adipiscing.elit@pede.edu;1020
Chaney Colon;Vivamus.molestie@velit.edu;1009
Keegan Glenn;diam.dictum@nequeNullamnisl.edu;643
Demetrius Combs;adipiscing.lobortis.risus@sapiencursus.org;1597
Lev Mclean;blandit.congue.In@lectusante.edu;573
Ronan Winters;quam.Curabitur.vel@temporarcuVestibulum.net;208
Henry Alvarez;per.inceptos.hymenaeos@malesuada.co.uk;354
Chaney Cline;Lorem@egetipsum.edu;649
Phillip Walsh;nec.luctus.felis@auguemalesuada.net;1327
Eric Mccall;ante@Craslorem.edu;2445
Thomas Randolph;Integer.in.magna@pedePraesenteu.edu;1138
Abbot Lamb;malesuada@sapien.co.uk;587
Benjamin Gilliam;Nullam.ut.nisi@felisadipiscingfringilla.co.uk;1177
Kasper William;sollicitudin.commodo@urna.ca;1515
Scott Jensen;tristique.pellentesque@turpisegestas.net;902
Kieran Sykes;Aliquam@dignissimlacusAliquam.ca;1634
Noah Baker;nibh.Donec@necmalesuadaut.org;718
Leroy Holman;Praesent.eu.nulla@pedeultrices.edu;1078
Alvin Harper;arcu.Vestibulum.ante@amet.edu;1704
Galvin Talley;Sed@atrisus.edu;1969
Prescott Dejesus;euismod.mauris.eu@luctus.com;267
Aaron Wright;ligula@nonlobortis.edu;2301
Fletcher Kirk;Integer.mollis@neque.co.uk;398
Plato Delaney;sem.semper@justo.org;1244
Devin Mullen;eu.tempor@hendrerit.co.uk;504
Slade Castro;et@auctorveliteget.net;73
Jerry French;lacus.pede.sagittis@eleifend.co.uk;195
Rooney Bowers;natoque.penatibus@ametdapibusid.com;1216
Len Randolph;hendrerit@pedeCrasvulputate.com;1350
Yasir Roberson;magna.Duis.dignissim@sapienAenean.ca;175
Fritz Jensen;sit.amet@AeneanmassaInteger.net;2133
Warren Collins;aliquet.lobortis.nisi@lacusAliquamrutrum.com;1327
Richard Callahan;Praesent.interdum.ligula@dui.org;2492
Rogan Oliver;magna.Phasellus@elit.net;1598
Chester Terry;id@tristique.com;1690
Timothy Ewing;adipiscing.elit@commodohendreritDonec.com;1034
Len Parrish;Quisque.ornare.tortor@Cras.org;955
Colton Snyder;arcu@Inmi.org;297
Blaze Miller;dapibus@et.co.uk;1680
Lev Workman;risus.a@accumsanlaoreet.net;1287
Isaiah Cortez;quis.diam@disparturientmontes.com;943
Valentine Wolf;Nulla.tincidunt@Morbiaccumsan.com;1392
Thaddeus Downs;Sed@massa.com;343
Joshua Vargas;elit@non.co.uk;199
Reese Tyler;at@elementumategestas.com;1029
Alexander Slater;metus@natoquepenatibuset.ca;528
Allen Leon;nunc.Quisque.ornare@lorem.ca;2289
Hiram Francis;enim@Nuncquis.net;1624
Mark Rodgers;Phasellus.ornare.Fusce@magnaa.edu;443
Demetrius Williamson;malesuada.vel@loremeumetus.net;502
Malcolm Chambers;blandit.enim.consequat@metus.org;819
Bert Giles;pharetra.sed.hendrerit@disparturient.com;658
Gregory Cleveland;rutrum.eu@tellusNunc.edu;947
Zane Caldwell;Suspendisse@mauris.com;2026
Otto Maldonado;mauris.aliquam.eu@mattis.co.uk;1918
Abdul Tillman;et@arcuacorci.edu;2211
Hayden Miranda;lorem.tristique@Quisqueimperdiet.ca;541
Carl Miles;felis@nonnisiAenean.ca;2380
Samuel Glover;Aliquam.fringilla@mienim.co.uk;1853
Galvin Beck;Sed.dictum@nullavulputate.co.uk;919
Randall Bowman;Nullam@nonegestasa.co.uk;19
Steven Valdez;elit@ut.com;1994
Reuben Woods;Nunc.ut@placerataugueSed.edu;2022
Orlando Higgins;a@consectetueripsum.net;877
Byron Jensen;tempor.bibendum.Donec@vitaesemperegestas.co.uk;183
Quinn Gilmore;dui.nec.tempus@inceptoshymenaeosMauris.co.uk;214
Cyrus Chan;massa.non@egestas.edu;1598
Michael Tanner;nisi.Mauris@vulputateveliteu.edu;2092
Christian Whitfield;ante.Nunc@liberoMorbiaccumsan.ca;573
Ahmed Fletcher;malesuada.ut@Etiamlaoreet.net;336
Wallace Sweet;malesuada.fringilla@Nullaeu.co.uk;241
Ulric Merrill;Integer@erateget.co.uk;1860
Nash Winters;montes@dictum.co.uk;1452
Randall Jimenez;semper.dui@cursusluctusipsum.com;1506
Armand Mccall;nunc.sit.amet@habitant.edu;545
Arsenio Knight;neque.Morbi@egestasblandit.co.uk;1951
Brody Carey;Integer.aliquam.adipiscing@maurissapien.org;1342
Eric Gardner;est.congue@volutpatNulla.co.uk;2023
Kasper Cleveland;congue.turpis.In@In.net;79
Igor Estrada;gravida@posuere.com;2063
Davis Mooney;accumsan.convallis.ante@adipiscinglobortis.net;59
Igor Velasquez;tincidunt.tempus@erosnec.net;682
Jerome Barrera;Suspendisse.sagittis@accumsanlaoreetipsum.edu;634
Malcolm Rollins;nec@morbitristique.net;2324
